{
  "Room_PHAERO_3_NORTH": {
    "ZONE-SUMMARY": {
      "MULTIPLICITY": 2,
      "NET_FLOOR_AREA": 49,
      "TAIRMIN": 16.95,
      "TAIRMAX": 23.93,
      "TOPMIN": 17.71,
      "TOPMAX": 24.24,
      "MAXHEATSUP": 109.183673469388,
      "ROOMUNITHEAT": 116.102040816327,
      "ROOMUNITHEATEN": 7862.16000000566,
      "ROOMUNITHEATENAREA": 160.452244898075,
      "MAXHEATREM": 12.1183673469388,
      "ROOMUNITCOOL": 0.0,
      "ROOMUNITCOOLENAREA": 0.0,
      "ROOMUNITCOOLEN": 0,
      "DRYVENTCOOL": 9.32040816326531,
      "MAXSUPAIRFLOW": 1.11428775885041,
      "MAXEXHAIRFLOW": 1.11377661767662,
      "MAXSOLAR": 33.530612244898,
      "MINRELHUM": 3.86,
      "MAXRELHUM": 81.56,
      "MAXCO2": 562.1,
      "MAXPPD": 26.82,
      "MAXAIRAGE": 0.985,
      "OCCUPANCY": 2871,
      "H_T_OP_LO": 0.0,
      "H_T_OP_HI": 0.0,
      "H_T_AIR_LO": 0.0,
      "H_T_AIR_HI": 0.0,
      "OCC_HOURS": 4599,
      "PDH": 425.8,
      "UNMET_HEAT": 0.0,
      "UNMET_COOL": 0.0,
      "TATMAXSUPAIRFLOW": 16.99,
      "DIN41082-DEG_H": 0.0,
      "LOCAL-CH-TOT_HOT-1": 0.0,
      "LOCAL-CH-OCC_HOT-1": 0.0,
      "LOCAL-CH-TOT_HOT-2": 0.0,
      "LOCAL-CH-OCC_HOT-2": 0.0,
      "LOCAL-CH-TOT_HOT-1-KHR": 0.0,
      "LOCAL-CH-OCC_HOT-1-KHR": 0.0,
      "LOCAL-CH-TOT_HOT-2-KHR": 0.0,
      "LOCAL-CH-OCC_HOT-2-KHR": 0.0,
      "LOCAL-CH-TOT_HOT-2-1.5K": 0.0,
      "LOCAL-CH-OCC_HOT-2-1.5K": 0.0,
      "LOCAL-CH-TOT_HOT-2-KHR1.5K": 0.0,
      "LOCAL-CH-OCC_HOT-2-KHR1.5K": 0.0,
      "LOCAL-CH-TOT_COLD": 6868.52555555556,
      "LOCAL-CH-OCC_COLD": 1514.59666666667
    }
  },
  "Room_PHAERO_3_SOUTH": {
    "ZONE-SUMMARY": {
      "MULTIPLICITY": 2,
      "NET_FLOOR_AREA": 49,
      "TAIRMIN": 16.97,
      "TAIRMAX": 23.54,
      "TOPMIN": 17.73,
      "TOPMAX": 23.83,
      "MAXHEATSUP": 105.734693877551,
      "ROOMUNITHEAT": 112.632653061224,
      "ROOMUNITHEATEN": 7429.49000000525,
      "ROOMUNITHEATENAREA": 151.622244898066,
      "MAXHEATREM": 12.365306122449,
      "ROOMUNITCOOL": 0.0,
      "ROOMUNITCOOLENAREA": 0.0,
      "ROOMUNITCOOLEN": 0.0,
      "DRYVENTCOOL": 8.79591836734694,
      "MAXSUPAIRFLOW": 1.11428775885041,
      "MAXEXHAIRFLOW": 1.11377661767662,
      "MAXSOLAR": 27.1020408163265,
      "MINRELHUM": 3.86,
      "MAXRELHUM": 82.12,
      "MAXCO2": 562.1,
      "MAXPPD": 26.64,
      "MAXAIRAGE": 0.985,
      "OCCUPANCY": 2871,
      "H_T_OP_LO": 0.0,
      "H_T_OP_HI": 0.0,
      "H_T_AIR_LO": 0.0,
      "H_T_AIR_HI": 0.0,
      "OCC_HOURS": 4599,
      "PDH": 426.7,
      "UNMET_HEAT": 0.0,
      "UNMET_COOL": 0.0,
      "TATMAXSUPAIRFLOW": 16.99,
      "DIN41082-DEG_H": 0.0,
      "LOCAL-CH-TOT_HOT-1": 0.0,
      "LOCAL-CH-OCC_HOT-1": 0.0,
      "LOCAL-CH-TOT_HOT-2": 0.0,
      "LOCAL-CH-OCC_HOT-2": 0.0,
      "LOCAL-CH-TOT_HOT-1-KHR": 0.0,
      "LOCAL-CH-OCC_HOT-1-KHR": 0.0,
      "LOCAL-CH-TOT_HOT-2-KHR": 0.0,
      "LOCAL-CH-OCC_HOT-2-KHR": 0.0,
      "LOCAL-CH-TOT_HOT-2-1.5K": 0.0,
      "LOCAL-CH-OCC_HOT-2-1.5K": 0.0,
      "LOCAL-CH-TOT_HOT-2-KHR1.5K": 0.0,
      "LOCAL-CH-OCC_HOT-2-KHR1.5K": 0.0,
      "LOCAL-CH-TOT_COLD": 6965.88916666667,
      "LOCAL-CH-OCC_COLD": 1507.46388888889
    }
  },
  "Room_PHAERO_3_EAST": {
    "ZONE-SUMMARY": {
      "MULTIPLICITY": 2,
      "NET_FLOOR_AREA": 49,
      "TAIRMIN": 16.98,
      "TAIRMAX": 22.89,
      "TOPMIN": 17.76,
      "TOPMAX": 23.12,
      "MAXHEATSUP": 102.428571428571,
      "ROOMUNITHEAT": 109.326530612245,
      "ROOMUNITHEATEN": 7122.91000000481,
      "ROOMUNITHEATENAREA": 145.36551020418,
      "MAXHEATREM": 10.9122448979592,
      "ROOMUNITCOOL": 0.0,
      "ROOMUNITCOOLENAREA": 0.0,
      "ROOMUNITCOOLEN": 0.0,
      "DRYVENTCOOL": 7.91428571428571,
      "MAXSUPAIRFLOW": 1.11428775885041,
      "MAXEXHAIRFLOW": 1.11377661767662,
      "MAXSOLAR": 22.0612244897959,
      "MINRELHUM": 3.861,
      "MAXRELHUM": 82.3,
      "MAXCO2": 562.1,
      "MAXPPD": 26.45,
      "MAXAIRAGE": 0.985,
      "OCCUPANCY": 2871,
      "H_T_OP_LO": 0.0,
      "H_T_OP_HI": 0.0,
      "H_T_AIR_LO": 0.0,
      "H_T_AIR_HI": 0.0,
      "OCC_HOURS": 4599,
      "PDH": 428.9,
      "UNMET_HEAT": 0.0,
      "UNMET_COOL": 0.0,
      "TATMAXSUPAIRFLOW": 16.99,
      "DIN41082-DEG_H": 0.0,
      "LOCAL-CH-TOT_HOT-1": 0.0,
      "LOCAL-CH-OCC_HOT-1": 0.0,
      "LOCAL-CH-TOT_HOT-2": 0.0,
      "LOCAL-CH-OCC_HOT-2": 0.0,
      "LOCAL-CH-TOT_HOT-1-KHR": 0.0,
      "LOCAL-CH-OCC_HOT-1-KHR": 0.0,
      "LOCAL-CH-TOT_HOT-2-KHR": 0.0,
      "LOCAL-CH-OCC_HOT-2-KHR": 0.0,
      "LOCAL-CH-TOT_HOT-2-1.5K": 0.0,
      "LOCAL-CH-OCC_HOT-2-1.5K": 0.0,
      "LOCAL-CH-TOT_HOT-2-KHR1.5K": 0.0,
      "LOCAL-CH-OCC_HOT-2-KHR1.5K": 0.0,
      "LOCAL-CH-TOT_COLD": 7142.55527777778,
      "LOCAL-CH-OCC_COLD": 1521.05361111111
    }
  },
  "Room_PHAERO_3_WEST": {
    "ZONE-SUMMARY": {
      "MULTIPLICITY": 2,
      "NET_FLOOR_AREA": 49,
      "TAIRMIN": 16.97,
      "TAIRMAX": 22.74,
      "TOPMIN": 17.77,
      "TOPMAX": 22.96,
      "MAXHEATSUP": 99.2244897959184,
      "ROOMUNITHEAT": 106.142857142857,
      "ROOMUNITHEATEN": 6956.96000000449,
      "ROOMUNITHEATENAREA": 141.978775510296,
      "MAXHEATREM": 10.7591836734694,
      "ROOMUNITCOOL": 0.0,
      "ROOMUNITCOOLENAREA": 0.0,
      "ROOMUNITCOOLEN": 0.0,
      "DRYVENTCOOL": 7.70816326530612,
      "MAXSUPAIRFLOW": 1.11428775885041,
      "MAXEXHAIRFLOW": 1.11377661767662,
      "MAXSOLAR": 13.3530612244898,
      "MINRELHUM": 3.861,
      "MAXRELHUM": 82.59,
      "MAXCO2": 562.1,
      "MAXPPD": 26.33,
      "MAXAIRAGE": 0.985,
      "OCCUPANCY": 2871,
      "H_T_OP_LO": 0.0,
      "H_T_OP_HI": 0.0,
      "H_T_AIR_LO": 0.0,
      "H_T_AIR_HI": 0.0,
      "OCC_HOURS": 4599,
      "PDH": 431.5,
      "UNMET_HEAT": 0.0,
      "UNMET_COOL": 0.0,
      "TATMAXSUPAIRFLOW": 16.99,
      "DIN41082-DEG_H": 0.0,
      "LOCAL-CH-TOT_HOT-1": 0.0,
      "LOCAL-CH-OCC_HOT-1": 0.0,
      "LOCAL-CH-TOT_HOT-2": 0.0,
      "LOCAL-CH-OCC_HOT-2": 0.0,
      "LOCAL-CH-TOT_HOT-1-KHR": 0.0,
      "LOCAL-CH-OCC_HOT-1-KHR": 0.0,
      "LOCAL-CH-TOT_HOT-2-KHR": 0.0,
      "LOCAL-CH-OCC_HOT-2-KHR": 0.0,
      "LOCAL-CH-TOT_HOT-2-1.5K": 0.0,
      "LOCAL-CH-OCC_HOT-2-1.5K": 0.0,
      "LOCAL-CH-TOT_HOT-2-KHR1.5K": 0.0,
      "LOCAL-CH-OCC_HOT-2-KHR1.5K": 0.0,
      "LOCAL-CH-TOT_COLD": 7182.97194444444,
      "LOCAL-CH-OCC_COLD": 1572.03472222222
    }
  },
  "Room_PHAERO_3_INTERNALONLY": {
    "ZONE-SUMMARY": {
      "MULTIPLICITY": 2,
      "NET_FLOOR_AREA": 49,
      "TAIRMIN": 16.99,
      "TAIRMAX": 21.38,
      "TOPMIN": 17.86,
      "TOPMAX": 21.51,
      "MAXHEATSUP": 87.469387755102,
      "ROOMUNITHEAT": 94.3673469387755,
      "ROOMUNITHEATEN": 6078.60000000326,
      "ROOMUNITHEATENAREA": 124.053061224556,
      "MAXHEATREM": 9.11836734693878,
      "ROOMUNITCOOL": 0.0,
      "ROOMUNITCOOLENAREA": 0.0,
      "ROOMUNITCOOLEN": 0.0,
      "DRYVENTCOOL": 5.88163265306122,
      "MAXSUPAIRFLOW": 1.11428775885041,
      "MAXEXHAIRFLOW": 1.11377661767662,
      "MAXSOLAR": 0.0,
      "MINRELHUM": 3.861,
      "MAXRELHUM": 83.61,
      "MAXCO2": 562.1,
      "MAXPPD": 25.6,
      "MAXAIRAGE": 0.985,
      "OCCUPANCY": 2871,
      "H_T_OP_LO": 0.0,
      "H_T_OP_HI": 0.0,
      "H_T_AIR_LO": 0.0,
      "H_T_AIR_HI": 0.0,
      "OCC_HOURS": 4599,
      "PDH": 432.7,
      "UNMET_HEAT": 0.0,
      "UNMET_COOL": 0.0,
      "TATMAXSUPAIRFLOW": 16.99,
      "DIN41082-DEG_H": 0.0,
      "LOCAL-CH-TOT_HOT-1": 0.0,
      "LOCAL-CH-OCC_HOT-1": 0.0,
      "LOCAL-CH-TOT_HOT-2": 0.0,
      "LOCAL-CH-OCC_HOT-2": 0.0,
      "LOCAL-CH-TOT_HOT-1-KHR": 0.0,
      "LOCAL-CH-OCC_HOT-1-KHR": 0.0,
      "LOCAL-CH-TOT_HOT-2-KHR": 0.0,
      "LOCAL-CH-OCC_HOT-2-KHR": 0.0,
      "LOCAL-CH-TOT_HOT-2-1.5K": 0.0,
      "LOCAL-CH-OCC_HOT-2-1.5K": 0.0,
      "LOCAL-CH-TOT_HOT-2-KHR1.5K": 0.0,
      "LOCAL-CH-OCC_HOT-2-KHR1.5K": 0.0,
      "LOCAL-CH-TOT_COLD": 7454.285,
      "LOCAL-CH-OCC_COLD": 1602.10638888889
    }
  }
}